page, title, pageViews
IJMNRytZQu1KicM3l3EA, JWT Tokens, 4
Swp4eTtF9j3gcBZF1Tul, How to Join a Windows 11 PC to a Domain, 2
KKRnLCXH6FZHxgy7qaJ9, persistence, 30
fnhw76GZ5kAut9LUoL0N, Linux Privilege Escalation, 42
agKtgROSp4IB1B4rgNNm, Velociraptor EDR, 1
YHyJBEHpm6L7rvITetfa, ssh, 3
LPdTwdNnUAFHvUHyV7VM, Javascript Vulnerabilities, 1
5VhO9Rfes71QVx0sk1u2, PHP Reverse Shell, 13
ml0uBDhXjeFYVBg1pT8z, lin-priv-esc, 40
FVDsOE1gfkfwVjanUMKO, Things I have Pwn'd before, 31
HYyqsqugOmOnjJCmvJ4y, firewalls, 22
Qu7Vj3ZTDu7lHaPITgRn, Web Servers, 7
Kku9OOK0RnZIhji2EEsT, Pentesting Kerberos, 13
8wz9gbI2vHz4xTqH9bKI, Aws Buckets, 9
3iHSISLXga3Yg6KuRxSe, Exploit Research, 18
7mns5gddrVJrxg3FrciS, Post Exploitation, 11
hZfwh9tpA6FppsX9FYzm, Nmap, 8
Rr8RWAG8HX8A28I3ilNs, Host Forensics, 1
wBbbodhdCQ0x1agnxw7e, resources, 26
qbuJaxCnogg62eqVGqbp, Linux Basics, 10
pt8hipKAzamZEcfoH0bx, Impacket-install, 26
pYGfQ20JYuJA0PYrMSgs, Sliver, 20
SDr63TaiYtbjLgAy20vq, Ghost Writing Binaries, 11
6JGn47PbSARvmxxocXFc, Creating a Custom Wordlist, 0
2TuE2l96WPHpljYSE3MO, Pentesting SNMP, 6
rGef2h2dfrzOvJT3fTEj, Metasploit, 35
baVEcIyofmeQTUBLJy8T, powershell-cheatsheet, 11
R1lLIyt4Qd4ZExBY3vXN, Tor, 14
pPpml2YvD7KCILwOnM1X, OSCP-Prep, 0
grtOJVk0scfrs97It8vR, Adobe Coldfusion, 5
hxwKozEtI3ETJlcYK80g, Pentesting Redis, 1
gqPMzOD9dxqfTzzA6Nan, Windows Log Clearing, 11
RVSFnYj7S8bDfBJQmcsJ, Linux Persistence, 12
ViCjBM4ZEVmExLloa7ZB, Transfering Files, 49
LW4yZD5vnLooaB200Ggo, Pentesting NFS, 2
IZDbudJBJMuATCeNIEoE, Pwncat-cs, 32
2CRprtQEQMr1iTC7tytN, web-shells, 20
2ZSUnt7L0AfThazYAGQs, Buffer Overflows, 127
ntkvUlQ3Wk54EnMLJBpH, Banner Grabbing, 0
Nhy3DkQJcIgAbFZcPp5o, evil-winrm, 4
jPvXXzsu74IlaStE1xDN, Pentesting MsSql, 2
avB0vpsrkTmyaO02f5cw, r2, 4
pBPSSwJrKMIhXNDz9Bxx, Windows Host Forensics, 1
tHohrIyXl7G6bhnae0Kp, resources, 31
9B6KEkpPrds9SAh7AHf0, SSL Cert Generation, 5
mF0svNDR0OJYRUW1XKwF, gobuster, 9
P4x4Mv6CgfiBuzE42odt, Active Directory Management, 23
gyegijMmk71SCW20qWYO, Infrastructure Development, 9
l7uCPhB0U7XRobXfWejz, Bloodhound, 9
jyUXIaoYtmt47ZEo1BTU, Shells, 25
S49SG8P75tjPw6zTfdBJ, Linux Logging, 20
eM0otsrTBTsK4yXD0IkF, John, 6
KCJrqiLZ7zGWF7FjBKKf, Git, 1
3BsT6tnS3HKmX6lXid2M, windows-priv-esc, 31
cxJh8McI7K5uBhQv0B1t, Testing for LFI, 23
HHHBcBAOYofHA8o7wbJ3, In Depth Malware Analysis, 0
3roadC5mPQQJtepBzmGV, recon-enumeration, 52
T8akouFpBCH1oJ5Mv8mm, Pivoting, 24
aqcvGy3dOSptWzlcXNVc, Kerberos cheatsheet, 39
4cK48hc9BrlGSww05uos, nuclei, 2
BnsykFFyTGh192vMN8jX, Cobalt Strike, 26
AW4J0d1rz2Z2QicXBvw0, Windows Privlage Escalation, 16
KxngY7r4FRk1V6L0Kd4T, Pentesting Finger, 0
TjQbDcq4iNaRxIa5Te7U, lateral-movement, 34
g5AzbR8XHm4lKiJE0ZFt, Analyzing Malicious Documents, 1
6xyNnI2DEXml0UyM8C7p, printspoofer, 5
xHomO4lcTv1Benkr3z0r, Windows Persistence, 14
nYNfC9oWSiBuu6MkAeRo, shells, 42
nQJ3kYJ0zU69m9zq3tFQ, Powershell Empire, 49
7wRcDLN3LYNZ9kF3WgD1, exploits, 7
iCkeP0NQT6SKpwqgA2Kg, Testing for XSS, 7
SPvNtZItlepgh266uXN6, Asymmetric File Encrypt and Decrypt, 3
jp7VniS8JmFoMEqiZxsQ, Grep and Sed, 7
pVSbXiudls2jN4Lew2nK, c2-frameworks, 106
c5EeLUtBLsl463s14N9H, Pentesting Rsync, 3
NMTH8kAWleBBu2UC2t9M, Regex Python3, 0
EOT6Bs3sKwxk0DwFsPFH, Malware Analysis Fundamentals, 7
pM34uzqaFfKpV966Fmv1, Scanning, 2
l0MR1IfASrdrTBAxAG9d, Testing for SQL, 13
gRLY5QnPOyc8QMuaOXfS, Pentesting LDAP, 6
0ZUGfCgg25z8IgEq0tdM, Resources, 1
3HEV6xo74T7f634s3cc9, tmux, 4
1Sh7bA0nGqERupB0fI1z, file-transfers, 40
DLzQUyOfS2HdOKSiH8xN, Windows Registry, 3
Gq7I3Q7hhQ42qt7C4pax, Testing for RFI, 9
eFrZ4ZxllIQu79bf5lqc, iptables, 9
vE7A6EgnF9VqiKENm7ek, Hydra User Guide, 12
NmK3hHjahkZrsLDAqYLQ, tool-guides, 50
lcuqq8yt4ImEt3ujoeUp, Evading Logging and Monitoring, 38
KSRxMsTciWaA8FCRMid6, SSTI, 2
eECsbfX25rbECG94vWTN, Windows Kernel Vulnerabilities, 2
ZAjfTvS63WLPaiRCp2Aq, domain-controllers, 56
FINifDpL87yjhK7mW5uh, Windows Defender, 1
UwXo6CLk5NT56jP30A80, Python3 Reference, 1
aBpMnUosxkjwZNBrXsL8, cewl-crunch, 10
XeKlNXb087L9U9Vc0OyU, Python3 Cheatsheet, 4
R0SgrsXYbI882BY2yMRS, netcat, 0
Sln7gIYfiAf5JUznwmpy, Pentesting DNS, 16
SCzHOv74IMlCA0f8qnTn, Vim, 1
kBQt5mBOIX5aShxaOl8S, Hashcat, 4
YXpINePzwEE9lnXtFNXR, Cmd Injection, 4
MtQs6lv0P3Z3C3k7vkxa, Packer Identification by File section names, 6
4lGkUIZAM1gorGPYiQo7, ufw, 0
wICfVeMT6luxqD9I6qzj, Mimikatz, 3
iMCnzKFYpFsr5uTGteNZ, Malware Analysis, 13
WtgWUKyy06vdjkpLofkW, Authentication Bypass, 4
eirp4H9HNOkXHDkA6Zr0, buffer-overflows, 208
sMXsDElpzFl72u4tv2LK, wwwolf's PHP web shell, 10
Pgd3t9IuhEoHazq6NesI, tcpdump, 0
Oe4KL2hQdwDeO8IkSIHc, Pentesting FTP, 6
zVGJ6xxMLENGdHkgZ9p9, AV Evasion, 9
l4ZpCa388xVZAl7UWrLA, Reversing Malicious Code, 3
QoFjoMpgeD1Wg69oYBnD, T-Shark User Guide, 3
8ZWRW57aKeR24zN744sx, EDR, 1
yG8d3INRH9j85LSl9ca5, Windows Persistence, 9
0j1kykaem2y5nnwErZgc, Web Path, 30
UDiLJqlnbTJLJJRreSzY, covering-tracks, 59
0m6QZBY89I8qSg3TatQV, Pentesting Email, 6
4gd5y66dcmdLexp0MIBB, Pentesting SMB, 6
H0yzmUe0MsJMlbxZRMvP, Domain Controllers, 33